{
  "value": {
    "arbitrum": {
      "nft": 0.0011931330734446012,
      "defi": 0.30724698622190927,
      "social": 0.0010530625060113602,
      "token_transfers": 0.09275118437377541,
      "unlabeled": 0.2535931202218142
    },
    "base": {
      "nft": 0.009621881825410676,
      "defi": 0.22435923907182193,
      "social": 0.002218259430476889,
      "token_transfers": 0.04235514342859865,
      "unlabeled": 0.2972060149460583
    },
    "optimism": {
      "nft": 0.00007714326154248541,
      "defi": 0.11433537079352597,
      "social": 0.0006887754241014888,
      "token_transfers": 0.061577810693058066,
      "unlabeled": 0.1989198054532141
    },
    "zksync_era": {
      "nft": 0.0002989924484917186,
      "defi": 0.08264144370026745,
      "social": 0.0001965886944194499,
      "token_transfers": 0.4678859874051187,
      "unlabeled": 0.19170741143319409
    },
    "linea": {
      "nft": 0.0002246742238050097,
      "defi": 0.2842617219737186,
      "social": 0.020438755425607056,
      "token_transfers": 0.3455833364540083,
      "unlabeled": 0.1488744401394946
    },
    "scroll": {
      "nft": 0.00036615780837575017,
      "defi": 0.07972670169031183,
      "social": 0.00007894928080757642,
      "token_transfers": 0.07399036553369931,
      "unlabeled": 0.18660668990641163
    },
    "unichain": {
      "nft": 0.000033388310777878366,
      "defi": 0.054910815827179195,
      "social": 0,
      "token_transfers": 0.0007683093914454001,
      "unlabeled": 0.12147030201762585
    }
  },
  "timestamp": 1762449886110
}