{
  "txCount": { "value": 20208744, "timestamp": 1732368093430 },
  "txCostsMedianUsd": { "value": 0.13208212703489286, "timestamp": 1732368093430 },
  "dailyTxCosts": {
    "taiko": 0.012860157604568578,
    "redstone": 0.002035468644240788,
    "derive": 0.024497661988159475,
    "orderly": 0.0014600658976545691,
    "worldchain": 0.003772610671629137,
    "linea": 0.03820681582960235,
    "gravity": 0.004079371202082574,
    "mantle": 0.010787952310217695,
    "arbitrum": 0.00931227215235812,
    "ethereum": 1.9443400587397008,
    "imx": 363472,
    "optimism": 0.0019381588842658662,
    "base": 0.003970755751165791,
    "zksync_era": 0.021509179573909964,
    "polygon_zkevm": 0.06987571047667426,
    "zora": 0.0096218264776885,
    "scroll": 0.04791014873664105,
    "loopring": 1676,
    "rhino": 4469,
    "starknet": 0.01627933837045419,
    "metis": 0.005848654930483636,
    "blast": 499867,
    "manta": 173751,
    "mode": 33293
  },
  "activeAddresses": {
    "taiko": 174938,
    "redstone": 290,
    "derive": 28,
    "orderly": 14,
    "gravity": 81612,
    "worldchain": 25323,
    "linea": 115022,
    "mantle": 45222,
    "arbitrum": 399050,
    "ethereum": 435939,
    "imx": 3322,
    "optimism": 67535,
    "base": 1562744,
    "zksync_era": 40565,
    "polygon_zkevm": 2769,
    "zora": 32079,
    "scroll": 19296,
    "loopring": 225,
    "rhino": 1512,
    "starknet": 10517,
    "metis": 23215,
    "blast": 24686,
    "manta": 77780,
    "mode": 2841
  }
}
