{
  "arbitrum": {
    "nft": 0.009984110324308348,
    "defi": 0.2689309579893618,
    "social": 0.013193695696229522,
    "token_transfers": 0.07476154340049304,
    "unlabeled": 0.38455596099648726
  },
  "base": {
    "nft": 0.002593480219368002,
    "defi": 0.16181484824754763,
    "social": 0.002398326678753112,
    "token_transfers": 0.013594959061503868,
    "unlabeled": 0.39771564417346245
  },
  "optimism": {
    "nft": 0.006050200017338907,
    "defi": 0.11765117644545392,
    "social": 0.0015029766506283954,
    "token_transfers": 0.05259639266672885,
    "unlabeled": 0.6267918657739237
  },
  "zksync_era": {
    "nft": 0.038278961109126736,
    "defi": 0.2259351484816336,
    "social": 0.06337112937904162,
    "token_transfers": 0.12729344240157583,
    "unlabeled": 0.36825569044252693
  },
  "linea": {
    "nft": 0.0038632595191378104,
    "defi": 0.2517927233961308,
    "social": 0.03613045257699356,
    "token_transfers": 0.10803153398456405,
    "unlabeled": 0.45033652616056297
  },
  "scroll": {
    "nft": 0.0013058170066607409,
    "defi": 0.2478282405353744,
    "social": 0.005091328390763437,
    "token_transfers": 0.11046016886464602,
    "unlabeled": 0.4692471830612916
  },
  "mode": {
    "nft": 0.0001816884900918849,
    "defi": 0.34959814229232583,
    "social": 0.0026860360526779923,
    "token_transfers": 0.03147479525602267,
    "unlabeled": 0.30152985600916654
  }
}