{
    "txCount":{"value":12313691,"timestamp":1727788564207},
    "txCostsMedianUsd":{"value":0.1495695439143009,"timestamp":1727788564207},
    "dailyTxCosts": {
    "rhino": 7000,
    "starknet": 0.002721293681430115,
    "metis": 0.005263896007643734,
    "blast": 0.001535951621138946,
    "manta": 0.00005224025317695181,
    "mode": 0.0034080749891640186,
    "taiko": 0.008313141411066162,
    "redstone": 0.0005929687849299581,
    "derive": 0.0061945111681928205,
    "orderly": 0.00037087549646757636,
    "gravity": 0.004017243294143803,
    "worldchain": 0.001016605739121328,
    "zora": 0.0033394360797617015,
    "ethereum": 0.7651566421496534,
    "arbitrum": 0.0028111737681542673,
    "linea": 0.024761668458591127,
    "mantle": 0.006951759735373741,
    "scroll": 0.017603374831053457,
    "loopring": 526,
    "imx": 232716,
    "optimism": 0.00038484930661449165,
    "base": 0.002327073182103824,
    "zksync_era": 132627,
    "polygon_zkevm": 14463
  }
}
