{
  "txCount": { "value": 20113689, "timestamp": 1732561036299 },
  "txCostsMedianUsd": { "value": 0.10252370826740381, "timestamp": 1732561036299 },
  "dailyTxCosts": {
    "ethereum": 1.5642321147439395,
    "arbitrum": 0.010201116846622714,
    "gravity": 0.004178700263687191,
    "optimism": 0.0027902374152419173,
    "base": 0.007764349788577658,
    "zksync_era": 0.019537763079284804,
    "polygon_zkevm": 0.07562885045422585,
    "zora": 0.009432662720468029,
    "linea": 0.05821396831420389,
    "mantle": 0.010820152133569856,
    "scroll": 0.035543140792205316,
    "starknet": 0.025402769983550386,
    "metis": 0.0069948957204748925,
    "blast": 0.007134756036862854,
    "manta": 0.0003705215201380192,
    "mode": 0.004033647940964035,
    "taiko": 0.011915191008957854,
    "redstone": 0.0018557582938633012,
    "derive": 0.03414083342479006,
    "orderly": 0.0010056552980039267,
    "worldchain": 0.006684175070209207
  },
  "activeAddresses": {
    "mantle": 32493,
    "scroll": 22191,
    "loopring": 351,
    "rhino": 1559,
    "starknet": 9365,
    "metis": 22629,
    "blast": 22010,
    "manta": 110254,
    "mode": 2099,
    "taiko": 147292,
    "redstone": 316,
    "derive": 26,
    "orderly": 10,
    "gravity": 67650,
    "worldchain": 25225,
    "ethereum": 395400,
    "arbitrum": 412248,
    "imx": 3349,
    "optimism": 59747,
    "base": 1026819,
    "zksync_era": 47007,
    "polygon_zkevm": 2708,
    "zora": 18101,
    "linea": 77067
  }
}
