{
  "txCount": {
    "value": 21201547,
    "timestamp": 1765911980702
  },
  "txCostsMedianUsd": {
    "value": 0.0021369059847066454,
    "timestamp": 1765911980702
  },
  "dailyTxCosts": {
    "megaeth": 0.0002462791267399043,
    "ethereum": 0.03326942386369645,
    "base": 0.0006038779516898622,
    "mode": 0.00016106998127339263,
    "derive": 0.0009566694306287583,
    "worldchain": 0.0001474810481765355,
    "soneium": 0.0000804522787170652,
    "arbitrum": 0.002229593085444855,
    "optimism": 0.000037773431721936106,
    "zora": 0.00016945728045058585,
    "redstone": 0.000025793321631697602,
    "orderly": 0.00009408292391637864,
    "ink": 0.00007565276727613611,
    "swell": 0.000005901228850710634,
    "polygon_zkevm": 0.0036541881724326086,
    "scroll": 0.0006960238817157083,
    "taiko": 0.010954073106575334,
    "unichain": 0.000016663839829337946,
    "zksync_era": 0.3179916842233433,
    "linea": 0.008866720531871104,
    "blast": 0.0005711073097517303,
    "manta": 0.000026022013011871466,
    "lisk": 0.00014737529837294424,
    "mantle": 0.007033399930628779,
    "gravity": 0.0006686844247747838,
    "celo": 0.0005986485473726377,
    "metis": 0.0029822851693413854,
    "plume": 0.003390158768096032,
    "starknet": 0.008022904792072736
  },
  "activeAddresses": {
    "starknet": 173451,
    "ethereum": 2367780,
    "arbitrum": 831630,
    "arbitrum_nova": 2097,
    "optimism": 145639,
    "base": 2725548,
    "zora": 8799,
    "mode": 3337,
    "redstone": 385,
    "derive": 92,
    "orderly": 98,
    "worldchain": 254075,
    "fraxtal": 1043,
    "ink": 77713,
    "soneium": 89642,
    "megaeth": 367,
    "swell": 747,
    "zksync_era": 103532,
    "polygon_zkevm": 1687,
    "linea": 66221,
    "scroll": 27214,
    "blast": 6468,
    "taiko": 8181,
    "manta": 46262,
    "unichain": 21490,
    "lisk": 42522,
    "mantle": 24995,
    "metis": 10852,
    "gravity": 224656,
    "plume": 29714,
    "celo": 1114370,
    "imx": 6082,
    "loopring": 72
  }
}