{
  "arbitrum": {
    "nft": 0.0014847663855818412,
    "defi": 0.4216271774324617,
    "social": 0.000790070226039427,
    "token_transfers": 0.12401109010367359,
    "unlabeled": 0.3103357968684273
  },
  "base": {
    "nft": 0.0012052900566318137,
    "defi": 0.6349260463839924,
    "social": 0.001335172652901545,
    "token_transfers": 0.06796841360929885,
    "unlabeled": 0.25189005126219843
  },
  "optimism": {
    "nft": 0.00014069494753434796,
    "defi": 0.7288873926503125,
    "social": 0.002223952159227159,
    "token_transfers": 0.11971069494447202,
    "unlabeled": 0.1292302725892772
  },
  "zksync_era": {
    "nft": 0.00019042241853587004,
    "defi": 0.1829972592801282,
    "social": 0.0005055383967131689,
    "token_transfers": 0.6600861091494745,
    "unlabeled": 0.11275347119276097
  },
  "linea": {
    "nft": 0.00025898237229255995,
    "defi": 0.3898902582178089,
    "social": 0.020309550001317594,
    "token_transfers": 0.2259638155817236,
    "unlabeled": 0.19906547254804577
  },
  "scroll": {
    "nft": 0.000004144029970803503,
    "defi": 0.5513249092380583,
    "social": 0.00007191615359333202,
    "token_transfers": 0.07098562652052812,
    "unlabeled": 0.15583690707898326
  },
  "unichain": {
    "nft": 0.00011570775815398281,
    "defi": 0.820702718157015,
    "social": 0.0000725003173761875,
    "token_transfers": 0.0011806323891576118,
    "unlabeled": 0.1748652786938345
  }
}