{
  "txCount": {
    "value": 21555224,
    "timestamp": 1764949710273
  },
  "txCostsMedianUsd": {
    "value": 0.0015815687829395949,
    "timestamp": 1764949710273
  },
  "dailyTxCosts": {
    "ethereum": 0.018399059186481843,
    "arbitrum": 0.005828219101704389,
    "optimism": 0.00005403131920833203,
    "base": 0.00043381581166655655,
    "mode": 0.00009754341080763112,
    "derive": 0.000885266552951881,
    "worldchain": 0.00016042794023767872,
    "soneium": 0.00010660310579728353,
    "zora": 0.00017784440246296294,
    "redstone": 0.00037197021156302627,
    "orderly": 0.00002438032404121833,
    "mint": 0.0003223501361295718,
    "ink": 0.00009515149749464417,
    "swell": 0.000006861558116110017,
    "zksync_era": 0.020757953135403757,
    "polygon_zkevm": 0.0048030831639175875,
    "linea": 0.016642924194301165,
    "blast": 0.0000415398039549782,
    "manta": 0.00006733023936881864,
    "lisk": 0.0001674836544861091,
    "mantle": 0.00739793957580905,
    "gravity": 0.0006536968525106059,
    "celo": 0.000734137556440757,
    "scroll": 0.0008758659505214447,
    "taiko": 0.011418314721236436,
    "unichain": 0.000033708655329713404,
    "metis": 0.003650231156082057,
    "plume": 0.0020521973470814083,
    "starknet": 0.0025283873127430498
  },
  "activeAddresses": {
    "worldchain": 359903,
    "mint": 882,
    "fraxtal": 1023,
    "ink": 79643,
    "soneium": 108771,
    "swell": 796,
    "zksync_era": 146694,
    "polygon_zkevm": 1674,
    "linea": 126194,
    "scroll": 72767,
    "blast": 8158,
    "taiko": 8388,
    "manta": 20078,
    "unichain": 17257,
    "lisk": 25414,
    "mantle": 22096,
    "metis": 14301,
    "gravity": 535578,
    "plume": 31581,
    "celo": 1004683,
    "imx": 7154,
    "loopring": 62,
    "starknet": 165950,
    "arbitrum_nova": 1941,
    "ethereum": 2936070,
    "arbitrum": 1628989,
    "base": 3069630,
    "optimism": 145736,
    "redstone": 450,
    "derive": 52,
    "zora": 5028,
    "mode": 2889,
    "orderly": 118
  }
}